,Date,Type,Distance_km,Hours,Minutes,Seconds,Time_h,Calories,ElevGain_m,AvgSpeed_km/h,Year,Month
0,2015-07-14,Walking,2.1,0,26,40,0.444444444444444,89.0,28.0,4.725,2015,7
1,2015-07-20,Cycling,21.18,1,8,13,1.13694444444444,332.0,270.0,18.6288785731737,2015,7
2,2015-07-25,Cycling,23.52,1,9,32,1.15888888888889,390.0,327.0,20.2953020134228,2015,7
3,2015-07-27,Running,6.94,0,42,4,0.701111111111111,389.0,97.0,9.89857369255151,2015,7
4,2015-07-29,Walking,1.73,0,20,36,0.343333333333333,69.0,32.0,5.03883495145631,2015,7
5,2015-08-08,Cycling,24.01,1,6,27,1.1075,410.0,301.0,21.6794582392777,2015,8
6,2015-08-09,Cycling,12.87,0,39,14,0.653888888888889,208.0,163.0,19.6822429906542,2015,8
7,2015-08-11,Cycling,29.07,1,40,15,1.67083333333333,443.0,375.0,17.3985037406484,2015,8
8,2015-08-15,Cycling,30.64,1,57,57,1.96583333333333,453.0,453.0,15.5862653666808,2015,8
9,2015-08-17,Cycling,22.47,1,5,0,1.08333333333333,374.0,146.0,20.7415384615385,2015,8
10,2015-08-31,Walking,3.27,0,47,17,0.788055555555556,158.0,112.0,4.14945364821995,2015,8
11,2015-09-28,Running,9.2,1,1,41,1.02805555555556,535.0,,8.94893272088625,2015,9
12,2016-04-25,Cycling,32.15,1,35,43,1.59527777777778,544.0,695.0,20.1532300191537,2016,4
13,2016-04-30,Cycling,38.01,1,53,34,1.89277777777778,642.0,711.0,20.0815967126504,2016,4
14,2016-05-23,Cycling,3.39,0,45,44,0.762222222222222,77.0,43.0,4.44752186588921,2016,5
15,2016-05-25,Walking,1.91,0,23,47,0.396388888888889,82.0,5.0,4.81850035038542,2016,5
16,2016-05-30,Walking,1.34,0,21,17,0.354722222222222,74.0,,3.77760375880971,2016,5
17,2016-05-31,Walking,0.86,0,11,7,0.185277777777778,38.0,44.0,4.64167916041979,2016,5
18,2016-06-01,Walking,5.24,1,5,9,1.08583333333333,226.0,76.0,4.82578664620107,2016,6
19,2016-06-11,Cycling,14.1,0,54,23,0.906388888888889,216.0,,15.5562365920932,2016,6
20,2016-06-13,Cycling,22.1,1,10,3,1.1675,361.0,,18.9293361884368,2016,6
21,2016-06-18,Cycling,23.02,1,20,3,1.33416666666667,363.0,377.0,17.2542161149282,2016,6
22,2016-06-20,Cycling,24.92,1,21,14,1.35388888888889,402.0,409.0,18.4062371768568,2016,6
23,2016-06-24,Cycling,28.0,1,42,8,1.70222222222222,435.0,,16.4490861618799,2016,6
24,2016-06-27,Cycling,45.9,2,33,31,2.55861111111111,734.0,,17.9394202583867,2016,6
25,2016-07-01,Cycling,26.4,1,16,21,1.2725,455.0,337.0,20.7465618860511,2016,7
26,2016-07-02,Cycling,34.12,1,36,48,1.61333333333333,596.0,535.0,21.1487603305785,2016,7
27,2016-07-05,Running,7.34,0,47,12,0.786666666666667,436.0,146.0,9.33050847457627,2016,7
28,2016-07-08,Cycling,38.14,1,59,49,1.99694444444444,628.0,615.0,19.0991793017109,2016,7
29,2016-07-29,Running,8.79,0,55,23,0.923055555555556,518.0,187.0,9.52272043334336,2016,7
30,2016-08-11,Cycling,26.43,1,20,11,1.33638888888889,1223.0,,19.7771773020162,2016,8
31,2016-08-16,Running,8.56,0,57,37,0.960277777777778,518.0,275.0,8.91408735898178,2016,8
32,2016-09-01,Running,5.4,0,32,10,0.536111111111111,313.0,,10.0725388601036,2016,9
33,2016-09-05,Cycling,34.7,1,35,14,1.58722222222222,1692.0,,21.8620931046552,2016,9
34,2016-09-10,Cycling,28.25,1,24,34,1.40944444444444,1316.0,,20.0433582972014,2016,9
35,2016-09-12,Cycling,30.04,1,43,3,1.7175,1316.0,,17.490538573508,2016,9
36,2017-09-02,Walking,4.71,0,57,33,0.959166666666667,199.0,53.0,4.91051259774109,2017,9
37,2017-09-03,Walking,4.63,0,55,44,0.928888888888889,193.0,59.0,4.98444976076555,2017,9
38,2017-09-05,Walking,5.28,1,7,56,1.13222222222222,235.0,67.0,4.66339548577036,2017,9
39,2017-09-07,Walking,7.42,1,29,10,1.48611111111111,309.0,139.0,4.99289719626168,2017,9
40,2017-09-10,Walking,4.64,0,57,31,0.958611111111111,199.0,53.0,4.84033613445378,2017,9
41,2017-09-23,Running,4.59,0,25,30,0.425,88.0,48.0,10.8,2017,9
42,2017-09-30,Walking,3.18,0,39,19,0.655277777777778,136.0,53.0,4.85290377278508,2017,9
43,2017-10-02,Running,4.58,0,27,1,0.450277777777778,265.0,50.0,10.1714990746453,2017,10
44,2017-10-05,Running,6.35,0,36,17,0.604722222222222,364.0,76.0,10.5006890215893,2017,10
45,2017-10-08,Running,6.43,0,38,13,0.636944444444444,372.0,76.0,10.0950719581334,2017,10
46,2017-10-09,Running,6.37,0,37,5,0.618055555555556,367.0,77.0,10.3065168539326,2017,10
47,2017-10-14,Running,4.6,0,24,23,0.406388888888889,260.0,,11.3192071086808,2017,10
48,2017-10-14,Running,2.3,0,24,43,0.411944444444444,189.0,43.0,5.58327714093055,2017,10
49,2017-10-15,Cycling,22.1,1,10,3,1.1675,361.0,,18.9293361884368,2017,10
50,2017-10-16,Running,5.6,0,30,46,0.512777777777778,318.0,75.0,10.9209100758397,2017,10
51,2017-10-22,Running,6.22,0,33,50,0.563888888888889,353.0,82.0,11.0305418719212,2017,10
52,2017-10-31,Running,4.84,0,29,17,0.488055555555556,282.0,69.0,9.91690381331816,2017,10
53,2018-01-22,Walking,3.69,0,43,50,0.730555555555556,152.0,47.0,5.05095057034221,2018,1
54,2018-01-23,Walking,3.53,0,47,0,0.783333333333333,163.0,48.0,4.5063829787234,2018,1
55,2018-01-29,Walking,4.75,1,2,2,1.03388888888889,215.0,59.0,4.59430413756045,2018,1
56,2018-01-30,Walking,4.8,0,59,33,0.9925,206.0,,4.83627204030227,2018,1
57,2018-01-31,Walking,2.9,0,36,44,0.612222222222222,127.0,77.0,4.73684210526316,2018,1
58,2018-02-01,Walking,4.99,1,3,3,1.05083333333333,218.0,55.0,4.74861221252974,2018,2
59,2018-02-06,Running,5.01,0,31,37,0.526944444444445,296.0,65.0,9.50764364786505,2018,2
60,2018-02-08,Running,7.76,0,50,23,0.839722222222222,462.0,154.0,9.24115117433013,2018,2
61,2018-02-10,Walking,4.63,0,59,31,0.991944444444444,206.0,58.0,4.66760011201344,2018,2
62,2018-02-25,Walking,4.66,0,54,5,0.901388888888889,187.0,53.0,5.16979969183359,2018,2
63,2018-03-26,Walking,4.69,0,53,28,0.891111111111111,185.0,47.0,5.26309226932668,2018,3
64,2018-03-27,Running,4.99,0,30,8,0.502222222222222,290.0,64.0,9.9358407079646,2018,3
65,2018-03-28,Cycling,17.58,1,2,19,1.03861111111111,276.0,252.0,16.9264509227066,2018,3
66,2018-03-30,Running,6.51,0,41,7,0.685277777777778,384.0,144.0,9.49979732468585,2018,3
67,2018-03-31,Walking,3.23,0,34,49,0.580277777777778,121.0,14.0,5.56629966491144,2018,3
68,2018-04-13,Running,5.2,0,29,59,0.499722222222222,299.0,66.0,10.4057809894386,2018,4
69,2018-04-17,Running,5.01,0,29,11,0.486388888888889,288.0,68.0,10.3003997715591,2018,4
70,2018-04-24,Running,6.45,0,37,42,0.628333333333333,372.0,79.0,10.2652519893899,2018,4
71,2018-05-04,Running,6.79,0,38,4,0.634444444444444,388.0,97.0,10.7022767075306,2018,5
72,2018-06-13,Running,5.06,0,31,27,0.524166666666667,297.0,69.0,9.65341812400636,2018,6
73,2018-06-14,Cycling,18.63,0,57,32,0.958888888888889,285.0,,19.4287369640788,2018,6
74,2018-06-17,Cycling,19.69,0,59,59,0.999722222222222,300.0,,19.6954709641567,2018,6
75,2018-06-21,Running,6.29,0,38,39,0.644166666666667,368.0,76.0,9.76455368693402,2018,6
76,2018-06-25,Cycling,19.69,1,0,32,1.00888888888889,327.0,,19.5165198237885,2018,6
77,2018-06-26,Cycling,24.17,1,15,17,1.25472222222222,399.0,,19.263227806066,2018,6
78,2018-06-27,Running,7.8,0,49,41,0.828055555555556,462.0,152.0,9.41965783294197,2018,6
79,2018-06-28,Walking,7.82,1,28,54,1.48166666666667,308.0,153.0,5.27784026996625,2018,6
80,2018-06-29,Cycling,24.2,1,11,47,1.19638888888889,410.0,,20.2275365683771,2018,6
81,2018-07-02,Cycling,24.05,1,11,59,1.19972222222222,405.0,,20.0463070155129,2018,7
82,2018-07-04,Cycling,24.01,1,9,37,1.16027777777778,412.0,,20.6933205649988,2018,7
83,2018-07-05,Walking,7.38,1,23,49,1.39694444444444,290.0,139.0,5.28295883873534,2018,7
84,2018-07-06,Cycling,26.26,1,16,50,1.28055555555556,448.0,,20.5067245119306,2018,7
85,2018-07-08,Cycling,26.27,1,16,31,1.27527777777778,450.0,,20.5994336745807,2018,7
86,2018-07-11,Cycling,33.48,1,35,33,1.5925,,,21.0235478806907,2018,7
87,2018-08-08,Walking,5.29,1,4,12,1.07,222.0,68.0,4.94392523364486,2018,8
88,2018-08-09,Running,10.13,1,10,1,1.16694444444444,620.0,194.0,8.68079028802666,2018,8
89,2018-08-11,Walking,2.44,0,35,23,0.589722222222222,123.0,69.0,4.13754121526142,2018,8
90,2018-08-12,Running,10.16,1,5,26,1.09055555555556,604.0,193.0,9.31635252165054,2018,8
91,2018-08-13,Walking,5.32,1,0,31,1.00861111111111,210.0,68.0,5.27458000550812,2018,8
92,2018-08-14,Running,10.04,1,6,54,1.115,605.0,206.0,9.00448430493273,2018,8
93,2018-08-17,Walking,5.29,1,3,14,1.05388888888889,219.0,73.0,5.01950448075909,2018,8
94,2018-08-18,Walking,4.8,0,58,7,0.968611111111111,,,4.95554918267852,2018,8
95,2018-08-19,Running,10.21,1,8,15,1.1375,616.0,201.0,8.97582417582418,2018,8
96,2018-11-14,Running,8.66,0,40,0,0.666666666666667,481.0,,12.99,2018,11
97,2018-12-17,Running,10.14,0,57,15,0.954166666666667,580.0,207.0,10.6270742358079,2018,12
98,2018-12-20,Cycling,26.06,1,20,19,1.33861111111111,433.0,,19.4679394065159,2018,12
99,2018-12-23,Cycling,30.72,1,34,24,1.57333333333333,510.0,,19.5254237288136,2018,12
100,2018-12-26,Running,10.53,0,54,57,0.915833333333333,625.0,,11.4977252047316,2018,12
101,2018-12-28,Walking,4.78,1,0,8,1.00222222222222,279.0,,4.76940133037694,2018,12
102,2018-12-29,Running,6.22,0,41,30,0.691666666666667,489.0,,8.99277108433735,2018,12
103,2018-12-30,Walking,4.67,0,56,44,0.945555555555556,295.0,,4.93889541715629,2018,12
104,2018-12-31,Cycling,23.76,1,10,5,1.16805555555556,655.0,,20.341498216409,2018,12
105,2019-01-01,Cycling,26.67,1,20,40,1.34444444444444,410.0,426.0,19.8371900826446,2019,1
106,2019-01-03,Running,10.09,0,54,23,0.906388888888889,574.0,196.0,11.1320870364695,2019,1
107,2019-01-05,Cycling,29.47,1,24,30,1.40833333333333,470.0,500.0,20.9254437869822,2019,1
108,2019-01-06,Walking,4.56,0,53,45,0.895833333333333,186.0,49.0,5.09023255813953,2019,1
109,2019-01-08,Running,13.46,1,16,14,1.27055555555556,781.0,112.0,10.5937909925667,2019,1
110,2019-01-11,Walking,4.71,0,54,33,0.909166666666667,248.0,50.0,5.18056828597617,2019,1
111,2019-01-12,Walking,4.72,0,58,3,0.9675,256.0,50.0,4.87855297157623,2019,1
112,2019-01-13,Running,10.01,0,54,33,0.909166666666667,577.0,195.0,11.0100824931256,2019,1
113,2019-01-17,Running,10.05,0,55,47,0.929722222222222,581.0,196.0,10.809680310726,2019,1
114,2019-01-26,Running,10.14,0,57,19,0.955277777777778,588.0,197.0,10.6147135795289,2019,1
115,2019-02-09,Running,10.03,0,53,36,0.893333333333333,575.0,145.0,11.2276119402985,2019,2
116,2019-02-12,Running,10.04,0,52,46,0.879444444444444,574.0,144.0,11.4162981680354,2019,2
117,2019-02-14,Running,10.03,0,52,39,0.8775,574.0,143.0,11.4301994301994,2019,2
118,2019-02-19,Running,10.01,0,50,48,0.846666666666667,571.0,144.0,11.8228346456693,2019,2
119,2019-02-24,Running,7.53,0,39,0,0.65,430.0,107.0,11.5846153846154,2019,2
120,2019-03-09,Running,7.53,0,40,2,0.667222222222222,432.0,107.0,11.285595337219,2019,3
121,2019-03-26,Running,7.3,0,39,59,0.666388888888889,420.0,108.0,10.9545644018341,2019,3
122,2019-03-28,Running,7.61,0,40,42,0.678333333333333,436.0,106.0,11.2186732186732,2019,3
123,2019-03-30,Running,7.51,0,40,34,0.676111111111111,431.0,109.0,11.1076417419885,2019,3
124,2019-04-04,Running,10.12,0,53,55,0.898611111111111,580.0,145.0,11.2618238021638,2019,4
125,2019-04-13,Running,7.64,0,42,52,0.714444444444444,442.0,139.0,10.6936236391913,2019,4
126,2019-04-16,Running,7.75,0,45,16,0.754444444444444,452.0,150.0,10.2724594992636,2019,4
127,2019-04-18,Running,10.02,0,57,3,0.950833333333333,581.0,198.0,10.5381244522349,2019,4
128,2019-04-20,Running,10.03,0,58,48,0.98,586.0,197.0,10.234693877551,2019,4
129,2019-04-28,Running,6.125,0,32,59,0.549722222222222,352.0,83.0,11.1419909044972,2019,4
130,2019-05-21,Running,7.537,0,41,30,0.691666666666667,458.0,111.0,10.8968674698795,2019,5
131,2019-05-25,Running,7.537,0,40,15,0.670833333333333,431.0,111.0,11.2352795031056,2019,5
132,2019-05-28,Running,7.537,0,42,10,0.702777777777778,440.0,111.0,10.7245849802372,2019,5
133,2019-06-03,Running,7.77,0,45,43,0.761944444444444,454.0,143.0,10.197593875319,2019,6
134,2019-06-05,Running,7.75,0,43,43,0.728611111111111,449.0,114.0,10.6366755623332,2019,6
135,2019-06-07,Running,7.65,0,42,55,0.715277777777778,442.0,147.0,10.695145631068,2019,6
136,2019-06-12,Running,7.78,0,44,28,0.741111111111111,452.0,149.0,10.4977511244378,2019,6
137,2019-06-14,Running,7.68,0,41,59,0.699722222222222,442.0,150.0,10.9757840412862,2019,6
138,2019-06-16,Running,7.83,0,44,54,0.748333333333333,455.0,143.0,10.4632516703786,2019,6
139,2019-06-18,Running,7.64,0,42,33,0.709166666666667,441.0,143.0,10.7732079905993,2019,6
140,2019-06-23,Running,7.7,0,42,20,0.705555555555555,444.0,144.0,10.9133858267717,2019,6
141,2019-06-25,Running,10.08,0,59,28,0.991111111111111,589.0,211.0,10.1704035874439,2019,6
142,2019-07-01,Running,10.12,0,57,38,0.960555555555555,587.0,204.0,10.5355696934644,2019,7
143,2019-07-03,Running,10.1,0,58,4,0.967777777777778,586.0,211.0,10.4362801377727,2019,7
144,2019-07-05,Running,10.11,0,56,34,0.942777777777778,584.0,195.0,10.7236299351797,2019,7
145,2019-07-07,Running,10.1,0,56,27,0.940833333333333,585.0,206.0,10.7351638618246,2019,7
146,2019-07-12,Running,10.05,0,59,40,0.994444444444444,589.0,208.0,10.1061452513967,2019,7
147,2019-07-14,Running,10.14,0,58,32,0.975555555555556,589.0,199.0,10.3940774487472,2019,7
148,2019-07-17,Running,9.96,0,58,20,0.972222222222222,581.0,202.0,10.2445714285714,2019,7
149,2019-08-31,Cycling,19.41,0,58,14,0.970555555555556,387.0,0.0,19.9988551803091,2019,8
150,2019-09-07,Cycling,19.44,0,56,34,0.942777777777778,306.0,254.0,20.6199175014732,2019,9
151,2019-09-12,Running,6.39,0,36,53,0.614722222222222,372.0,77.0,10.3949389968369,2019,9
152,2019-09-14,Running,6.39,0,36,9,0.6025,372.0,77.0,10.6058091286307,2019,9
153,2019-09-18,Running,7.8,0,41,36,0.693333333333333,447.0,,11.25,2019,9
154,2019-09-27,Running,10.4,0,57,40,0.961111111111111,600.0,,10.8208092485549,2019,9
155,2019-10-06,Cycling,19.6,0,54,35,0.909722222222222,349.0,,21.5450381679389,2019,10
156,2019-12-10,Running,10.14,0,57,32,0.9588888888888888,,,10.5747392815759,2019,12
157,2019-12-14,Running,10.14,0,57,55,0.965384615,,,10.503585661555215,2019,12
158,2019-12-23,Cycling,23.91,1,15,0,1.25,,,19.128,2019,12
159,2019-12-25,Running,10.08,1,0,16,1.0044444444444445,592.0,200.0,10.035398230088495,2019,12
160,2019-12-27,Running,14.16,1,27,22,1.4561111111111111,839.0,335.0,9.724532621136971,2019,12
161,2019-12-29,Cycling,29.27,1,32,47,1.5463888888888888,855.0,,18.92796838512664,2019,12
162,2019-12-31,Running,17.975,1,48,9,1.8025,1054.0,,9.972260748959778,2019,12
163,2020-01-03,Cycling,26.82,1,23,54,1.3983333333333332,816.0,,19.179976162097738,2020,1
164,2020-01-06,Running,10.16,0,55,17,0.9213888888888888,585.0,147.0,11.026831474223696,2020,1
165,2020-01-08,Running,10.13,0,53,33,0.8925,580.0,146.0,11.35014005602241,2020,1
166,2020-01-11,Cycling,29.37,1,33,56,1.5655555555555556,863.0,,18.76011355571327,2020,1
167,2020-01-13,Running,14.9,1,23,52,1.3977777777777778,862.0,137.0,10.659777424483307,2020,1
168,2020-01-16,Cycling,29.36,1,33,0,1.55,866.0,,18.941935483870967,2020,1
169,2020-01-26,Cycling,29.35,1,33,1,1.5502777777777779,867.0,,18.932091023114136,2020,1
170,2020-02-02,Running,10.1,0,55,34,0.9261111111111111,582.0,150.0,10.905818836232752,2020,2
171,2020-02-05,Running,10.06,0,54,26,0.9072222222222223,578.0,145.0,11.088793631353337,2020,2
172,2020-02-11,Running,10.1,0,51,53,0.8647222222222222,,,11.680051397365885,2020,2
173,2020-02-18,Running,10.1,0,51,21,0.8558333333333333,,,11.801363193768257,2020,2
174,2020-02-22,Cycling,24.12,1,6,30,1.1083333333333334,,,21.762406015037595,2020,2
175,2020-02-25,Running,10.1,0,52,19,0.8719444444444445,526.0,,11.583306785600508,2020,2
176,2020-03-07,Cycling,19.38,0,53,22,0.8894444444444444,599.0,,21.788881948782013,2020,3
177,2020-03-10,Running,10.1,0,53,4,0.8844444444444444,531.0,,11.41959798994975,2020,3
178,2020-03-23,Cycling,23.79,1,11,14,1.1872222222222222,790.0,,20.03837154890033,2020,3
179,2020-03-25,Cycling,26.39,1,16,57,1.2825,853.0,,20.576998050682263,2020,3
180,2020-03-27,Running,6.97,0,38,20,0.6388888888888888,401.0,126.0,10.909565217391306,2020,3
181,2020-03-29,Cycling,33.53,1,35,56,1.598888888888889,1062.0,,20.970813064628214,2020,3
182,2020-04-02,Running,9.82,0,57,3,0.9508333333333333,607.0,,10.327782646801053,2020,4
183,2020-04-04,Cycling,19.44,0,56,57,0.9491666666666667,634.0,,20.4811237928007,2020,4
184,2020-04-08,Running,10.56,1,1,28,1.0244444444444445,584.0,,10.308026030368763,2020,4
185,2020-04-10,Cycling,22.1,1,16,54,1.2816666666666665,618.0,,17.24317295188557,2020,4
186,2020-04-12,Running,14.76,1,23,22,1.3894444444444445,775.0,,10.62295081967213,2020,4
187,2020-04-14,Cycling,25.44,1,9,11,1.1530555555555555,786.0,,22.063117321127443,2020,4
188,2020-04-16,Cycling,9.06,0,24,8,0.40222222222222226,276.0,,22.524861878453038,2020,4
189,2020-04-18,Running,13.07,1,18,0,1.3,758.0,,10.053846153846154,2020,4
190,2020-04-20,Cycling,15.08,0,29,56,0.4988888888888889,337.0,,30.2271714922049,2020,4
191,2020-04-22,Cycling,34.01,1,35,52,1.597777777777778,1091.0,,21.28581363004172,2020,4
192,2020-04-24,Running,15.0,1,25,31,1.4252777777777779,870.0,143.0,10.524264275969596,2020,4
193,2020-04-26,Cycling,40.02,1,55,19,1.9219444444444442,1314.0,,20.822662234426943,2020,4
194,2020-04-30,Running,10.56,0,54,57,0.9158333333333334,624.0,,11.530482256596907,2020,4
195,2020-05-02,Cycling,34.71,1,59,27,1.9908333333333335,973.0,,17.434910004185852,2020,5
196,2020-05-04,Running,14.09,1,21,34,1.3594444444444445,826.0,336.0,10.364527993461381,2020,5
197,2020-05-05,Walking,4.65,0,59,2,0.9838888888888888,138.0,,4.726143421795596,2020,5
198,2020-05-06,Cycling,23.87,1,4,51,1.0808333333333333,740.0,,22.084811102544336,2020,5
199,2020-05-07,Walking,4.61,0,57,14,0.9538888888888889,133.0,53.0,4.8328479906814215,2020,5
200,2020-05-08,Running,15.14,1,24,23,1.406388888888889,877.0,144.0,10.765158996642308,2020,5
201,2020-05-10,Cycling,29.52,1,26,9,1.4358333333333333,967.0,,20.559489262913523,2020,5
202,2020-05-12,Cycling,17.68,0,37,0,0.6166666666666667,424.0,,28.67027027027027,2020,5
203,2020-05-14,Cycling,17.65,0,38,48,0.6466666666666666,442.0,,27.29381443298969,2020,5
204,2020-05-16,Running,10.56,0,56,37,0.9436111111111112,616.0,,11.191050927288783,2020,5
205,2020-05-18,Cycling,26.43,1,7,34,1.126111111111111,758.0,,23.47015293537247,2020,5
206,2020-05-18,Walking,4.6,0,58,2,0.9672222222222222,134.0,,4.7558874210224005,2020,5
207,2020-05-20,Cycling,23.91,0,50,45,0.8458333333333333,572.0,,28.267980295566502,2020,5
208,2020-05-22,Cycling,19.86,0,46,20,0.7722222222222223,526.0,,25.71798561151079,2020,5
209,2020-05-28,Cycling,33.53,1,32,50,1.547222222222222,1044.0,,21.671095152603236,2020,5
210,2020-06-01,Running,10.03,0,55,46,0.9294444444444444,579.0,202.0,10.791392707710699,2020,6
211,2020-06-03,Cycling,50.01,2,32,38,2.5438888888888886,1629.0,,19.65887748416685,2020,6
212,2020-06-05,Running,15.12,1,26,13,1.4369444444444444,877.0,151.0,10.522327469553451,2020,6
213,2020-06-07,Cycling,17.45,0,41,27,0.6908333333333333,470.0,,25.25934861278649,2020,6
214,2020-06-09,Cycling,17.66,0,38,30,0.6416666666666666,437.0,,27.522077922077926,2020,6
215,2020-06-11,Cycling,28.58,1,34,5,1.5680555555555555,820.0,,18.226395039858282,2020,6
216,2020-06-13,Running,14.86,1,22,1,1.3669444444444445,1184.0,336.0,10.870961186750659,2020,6
217,2020-06-14,Walking,4.59,0,52,30,0.875,134.0,,5.2457142857142856,2020,6
218,2020-06-15,Cycling,34.81,1,54,41,1.9113888888888888,1003.0,,18.211887807004796,2020,6
219,2020-06-17,Running,15.15,1,24,43,1.4119444444444444,875.0,145.0,10.729883926814873,2020,6
220,2020-06-19,Cycling,34.81,1,50,52,1.847777777777778,1025.0,,18.838845460012024,2020,6
221,2020-06-21,Cycling,20.01,0,41,57,0.6991666666666667,482.0,,28.61978545887962,2020,6
222,2020-06-23,Cycling,50.13,2,4,18,2.0716666666666668,1417.0,544.0,24.197908286403862,2020,6
223,2020-06-27,Cycling,34.7,1,31,59,1.5330555555555554,1043.0,642.0,22.63453524189165,2020,6
224,2020-06-29,Running,16.13,1,36,44,1.6122222222222222,1080.0,385.0,10.004824259131633,2020,6
225,2020-07-03,Cycling,37.93,1,52,4,1.8677777777777778,1260.0,,20.30755502676978,2020,7
226,2020-07-09,Cycling,39.08,1,52,7,1.8686111111111112,1258.0,,20.913928943065258,2020,7
227,2020-07-21,Cycling,25.34,1,3,31,1.0586111111111112,713.0,,23.937024403043818,2020,7
228,2020-07-23,Cycling,14.5,0,30,25,0.5069444444444444,341.0,,28.602739726027398,2020,7
229,2020-07-25,Cycling,16.47,0,35,0,0.5833333333333334,393.0,,28.23428571428571,2020,7
230,2020-07-27,Cycling,22.02,1,0,46,1.0127777777777778,678.0,,21.742183214481624,2020,7
231,2020-07-31,Cycling,21.52,0,57,55,0.9652777777777777,657.0,,22.294100719424463,2020,7
232,2020-08-02,Cycling,42.17,1,47,7,1.7852777777777777,1215.0,,23.620974015870548,2020,8
233,2020-08-06,Cycling,32.83,1,40,36,1.6766666666666665,1054.0,749.0,19.58051689860835,2020,8
234,2020-08-10,Cycling,31.84,1,34,53,1.581388888888889,1072.0,,20.134199894607413,2020,8
235,2020-08-23,Cycling,52.5,2,0,16,2.0044444444444443,1384.0,,26.191796008869183,2020,8
236,2020-08-27,Cycling,21.78,0,58,26,0.9738888888888889,675.0,,22.363947518539646,2020,8
237,2020-09-03,Running,10.03,1,2,2,1.033888888888889,635.0,210.0,9.701235894680277,2020,9
238,2020-09-12,Cycling,26.48,1,2,48,1.0466666666666669,725.0,,25.299363057324836,2020,9
239,2020-09-14,Running,10.03,0,57,15,0.9541666666666666,644.0,210.0,10.5117903930131,2020,9
240,2020-09-16,Cycling,18.06,0,36,17,0.6047222222222222,421.0,,29.864951768488748,2020,9
241,2020-09-18,Cycling,23.15,0,47,16,0.7877777777777778,549.0,,29.386459802538784,2020,9
242,2020-09-20,Running,14.63,1,26,17,1.4380555555555556,941.0,177.0,10.173459532547808,2020,9
243,2020-09-22,Cycling,22.88,0,56,36,0.9433333333333334,417.0,358.0,24.25441696113074,2020,9
244,2020-09-23,Cycling,18.47,0,40,6,0.6683333333333333,465.0,,27.635910224438902,2020,9
245,2020-09-25,Cycling,31.91,1,21,15,1.3541666666666667,584.0,558.0,23.56430769230769,2020,9
246,2020-09-27,Running,14.18,1,26,35,1.4430555555555555,944.0,347.0,9.826371511068334,2020,9
247,2020-09-29,Cycling,31.79,1,20,58,1.3494444444444444,587.0,545.0,23.55784273363524,2020,9
248,2020-10-03,Cycling,22.59,0,56,59,0.9497222222222222,412.0,368.0,23.78590231061714,2020,10
249,2020-10-05,Cycling,39.85,1,50,5,1.8347222222222224,757.0,857.0,21.71990915972748,2020,10
250,2020-10-07,Cycling,24.23,0,54,28,0.9077777777777778,654.0,299.0,26.69155446756426,2020,10
251,2020-10-09,Cycling,34.03,1,27,39,1.4608333333333332,854.0,636.0,23.29492298916144,2020,10
252,2020-10-11,Running,15.44,1,29,34,1.4927777777777778,769.0,183.0,10.343133606252326,2020,10
253,2020-10-13,Running,10.03,0,59,46,0.9961111111111111,595.0,210.0,10.069157836029001,2020,10
254,2020-10-15,Cycling,22.45,0,56,31,0.9419444444444445,427.0,364.0,23.83367738130345,2020,10
255,2020-10-17,Cycling,45.31,1,43,54,1.7316666666666667,881.0,566.0,26.165543792107798,2020,10
256,2020-10-19,Cycling,22.85,0,46,6,0.7683333333333334,540.0,,29.739696312364423,2020,10
257,2020-10-21,Cycling,29.2,1,0,6,1.0016666666666667,703.0,,29.151414309484192,2020,10
258,2020-10-23,Cycling,25.42,0,50,4,0.8344444444444444,588.0,,30.46338215712384,2020,10
259,2020-10-25,Cycling,32.0,1,0,48,1.0133333333333334,710.0,,31.57894736842105,2020,10
260,2020-10-27,Cycling,23.91,0,45,0,0.75,526.0,,31.88,2020,10
261,2020-10-29,Cycling,22.31,0,55,20,0.9222222222222222,427.0,361.0,24.191566265060242,2020,10
262,2020-10-31,Cycling,34.73,1,26,41,1.4447222222222222,643.0,652.0,24.03922322630263,2020,10
263,2020-11-02,Running,10.03,0,57,24,0.9566666666666667,657.0,209.0,10.484320557491289,2020,11
264,2020-11-04,Cycling,30.59,1,0,0,1.0,707.0,,30.59,2020,11
265,2020-11-09,Running,10.03,0,55,18,0.9216666666666666,671.0,210.0,10.882459312839059,2020,11
266,2020-11-11,Cycling,22.52,0,57,20,0.9555555555555555,430.0,364.0,23.567441860465117,2020,11
267,2020-11-13,Running,10.26,0,58,42,0.9783333333333334,696.0,213.0,10.487223168654173,2020,11
268,2020-11-15,Running,15.26,1,27,58,1.4661111111111111,1006.0,189.0,10.408488063660478,2020,11
269,2020-11-17,Cycling,23.32,0,47,54,0.7983333333333333,553.0,,29.210855949895617,2020,11
270,2020-11-19,Running,10.5,0,54,16,0.9044444444444445,543.0,,11.609336609336609,2020,11
271,2020-11-21,Running,10.07,0,54,23,0.9063888888888889,683.0,206.0,11.110021452650935,2020,11
272,2020-11-23,Cycling,31.85,1,21,46,1.3627777777777779,609.0,545.0,23.371381981247453,2020,11
273,2020-11-29,Cycling,28.15,0,58,31,0.9752777777777778,676.0,,28.86357163201367,2020,11
274,2020-12-01,Running,9.94,0,56,20,0.9388888888888889,678.0,207.0,10.586982248520709,2020,12
275,2020-12-04,Cycling,14.83,0,30,34,0.5094444444444445,353.0,,29.110141766630313,2020,12
276,2020-12-06,Cycling,22.15,0,45,0,0.75,520.0,,29.53333333333333,2020,12
277,2020-12-10,Cycling,23.63,0,45,11,0.7530555555555556,522.0,,31.3788270011066,2020,12
278,2020-12-12,Cycling,22.73,0,45,0,0.75,520.0,,30.30666666666667,2020,12
279,2020-12-14,Cycling,22.94,0,45,0,0.75,520.0,,30.58666666666667,2020,12
280,2020-12-16,Cycling,22.99,0,45,0,0.75,520.0,,30.653333333333332,2020,12
281,2020-12-18,Cycling,22.93,0,45,0,0.75,520.0,,30.573333333333334,2020,12
282,2020-12-21,Cycling,22.6,0,45,0,0.75,520.0,,30.133333333333336,2020,12
283,2018-12-23,Cycling,23.48,0,45,9,0.7525,521.0,,31.202657807308974,2018,12
284,2020-12-25,Cycling,15.55,0,30,0,0.5,347.0,,31.1,2020,12
285,2018-12-28,Walking,4.61,0,55,10,0.9194444444444444,213.0,71.0,5.013897280966768,2018,12
286,2018-12-28,Cycling,23.83,0,45,0,0.75,520.0,,31.77333333333333,2018,12
287,2018-12-31,Cycling,23.89,0,45,0,0.75,520.0,,31.853333333333335,2018,12
288,2021-01-01,Walking,4.48,0,52,19,0.8719444444444445,208.0,70.0,5.137942019751513,2021,1
289,2021-01-02,Running,10.15,0,57,21,0.9558333333333333,609.0,216.0,10.619006102877071,2021,1
290,2021-01-04,Walking,4.52,0,52,35,0.8763888888888889,208.0,71.0,5.157527733755942,2021,1
291,2021-01-05,Walking,3.66,0,43,37,0.7269444444444445,185.0,61.0,5.0347726404279705,2021,1
292,2021-01-05,Running,10.18,0,55,43,0.928611111111111,691.0,213.0,10.962608435536943,2021,1
293,2021-01-08,Cycling,23.5,0,45,0,0.75,520.0,,31.333333333333332,2021,1
294,2021-01-10,Running,10.18,0,55,9,0.9191666666666666,675.0,210.0,11.075249320036265,2021,1
295,2021-01-12,Running,10.15,0,56,3,0.9341666666666667,689.0,211.0,10.865298840321142,2021,1
296,2021-01-15,Running,9.53,0,56,9,0.9358333333333333,663.0,262.0,10.183437221727516,2021,1
297,2021-01-18,Walking,3.75,0,43,18,0.7216666666666667,191.0,62.0,5.196304849884527,2021,1
298,2021-01-19,Walking,4.6,0,52,6,0.8683333333333334,217.0,72.0,5.297504798464491,2021,1
299,2021-01-20,Cycling,24.03,0,45,0,0.75,520.0,,32.04,2021,1
300,2021-01-22,Running,10.15,0,55,29,0.9247222222222222,609.0,215.0,10.976269149894863,2021,1
301,2021-01-24,Cycling,23.2,0,45,7,0.7519444444444444,521.0,,30.853343184336904,2021,1
302,2021-01-27,Walking,3.52,0,47,9,0.7858333333333333,106.0,61.0,4.47932131495228,2021,1
303,2021-01-28,Cycling,22.43,0,58,48,0.98,424.0,361.0,22.887755102040817,2021,1
304,2021-01-29,Walking,3.52,0,40,41,0.6780555555555555,169.0,60.0,5.191315034821795,2021,1
305,2021-01-30,Cycling,23.86,0,45,1,0.7502777777777778,520.0,,31.801554979637167,2021,1
306,2021-02-01,Running,10.19,0,54,55,0.9152777777777777,694.0,213.0,11.133232169954477,2021,2
307,2021-02-03,Cycling,23.93,0,45,0,0.75,520.0,,31.906666666666666,2021,2
308,2021-02-05,Cycling,23.13,0,45,19,0.7552777777777778,523.0,,30.624494299374767,2021,2
309,2021-02-07,Running,10.19,0,55,12,0.9199999999999999,625.0,205.0,11.07608695652174,2021,2
310,2021-02-08,Walking,3.71,0,42,58,0.716111111111111,111.0,60.0,5.180760279286269,2021,2
311,2021-02-09,Cycling,23.18,0,45,3,0.7508333333333334,520.0,,30.872364039955603,2021,2
312,2021-02-11,Cycling,23.5,0,45,20,0.7555555555555555,524.0,,31.10294117647059,2021,2
313,2021-02-12,Walking,3.51,0,40,40,0.6777777777777777,169.0,61.0,5.178688524590164,2021,2
314,2021-02-12,Walking,3.58,0,41,39,0.6941666666666667,169.0,62.0,5.157262905162065,2021,2
315,2021-02-13,Running,10.5,0,56,47,0.946388888888889,619.0,210.0,11.09480481361902,2021,2
316,2021-02-14,Walking,3.68,0,45,11,0.7530555555555556,174.0,62.0,4.8867576540022135,2021,2
317,2021-02-16,Walking,3.43,0,40,39,0.6775,161.0,60.0,5.062730627306274,2021,2
318,2021-02-17,Cycling,22.77,0,59,21,0.9891666666666666,440.0,372.0,23.01937657961247,2021,2
319,2021-02-18,Walking,3.42,0,41,56,0.6988888888888889,162.0,60.0,4.893481717011128,2021,2
320,2021-02-19,Walking,3.64,0,42,50,0.7138888888888888,174.0,59.0,5.098832684824903,2021,2
321,2021-02-21,Cycling,24.13,0,45,0,0.75,520.0,,32.17333333333333,2021,2
322,2021-02-22,Walking,3.71,0,42,34,0.7094444444444444,184.0,67.0,5.2294440093970245,2021,2
323,2021-02-23,Running,10.14,0,56,19,0.9386111111111112,684.0,207.0,10.80319621189701,2021,2
324,2021-02-24,Walking,3.65,0,42,19,0.7052777777777778,184.0,67.0,5.175265852697913,2021,2
325,2021-02-25,Cycling,23.98,0,45,0,0.75,520.0,,31.973333333333333,2021,2
326,2021-02-27,Running,10.12,0,56,6,0.935,687.0,212.0,10.823529411764705,2021,2
327,2021-03-01,Running,10.12,0,52,48,0.88,527.0,210.0,11.499999999999998,2021,3
328,2021-03-02,Walking,3.65,0,44,41,0.7447222222222222,110.0,60.0,4.9011562849682955,2021,3
329,2021-03-03,Cycling,24.7,0,58,38,0.9772222222222222,490.0,315.0,25.27572484366117,2021,3
330,2021-03-05,Cycling,24.39,0,45,32,0.7588888888888888,526.0,,32.13909224011714,2021,3
331,2021-03-07,Running,14.23,1,20,21,1.3391666666666666,991.0,356.0,10.626011200995645,2021,3
332,2021-03-09,Cycling,25.07,1,7,45,1.1291666666666667,484.0,433.0,22.20221402214022,2021,3
333,2021-03-11,Running,9.99,0,52,57,0.8825000000000001,681.0,207.0,11.32011331444759,2021,3
334,2021-03-13,Running,10.14,0,53,38,0.8938888888888888,692.0,209.0,11.343691733996272,2021,3
335,2021-03-17,Running,10.14,0,52,0,0.8666666666666667,690.0,209.0,11.700000000000001,2021,3
336,2021-03-21,Running,10.14,0,50,0,0.8333333333333334,678.0,203.0,12.168,2021,3
337,2021-03-22,Walking,3.6,0,43,33,0.7258333333333333,108.0,,4.959816303099886,2021,3
338,2021-03-23,Running,14.69,1,22,41,1.3780555555555556,852.0,323.0,10.659947591211449,2021,3
339,2021-03-25,Cycling,25.07,1,5,31,1.0919444444444444,477.0,448.0,22.959043500381583,2021,3
340,2021-03-27,Running,10.07,0,54,53,0.9147222222222222,685.0,209.0,11.008806559368358,2021,3
341,2021-03-31,Running,10.14,0,57,2,0.9505555555555555,580.0,209.0,10.667445938047926,2021,3
342,2021-04-02,Running,10.14,0,51,15,0.8541666666666666,515.0,209.0,11.871219512195124,2021,4
343,2021-04-05,Cycling,23.32,0,59,0,0.9833333333333333,439.0,398.0,23.715254237288136,2021,4
344,2021-04-07,Running,5.4,0,28,11,0.4697222222222222,275.0,,11.496156120638677,2021,4
345,2021-04-09,Cycling,22.8,0,45,0,0.75,520.0,,30.400000000000002,2021,4
346,2021-04-13,Running,10.48,0,53,41,0.8947222222222222,531.0,209.0,11.713132567525614,2021,4
347,2021-04-22,Running,10.43,0,54,4,0.9011111111111111,558.0,209.0,11.574599260172626,2021,4
348,2021-04-26,Cycling,22.63,0,45,0,0.75,520.0,,30.173333333333332,2021,4
349,2021-04-28,Cycling,23.16,0,45,0,0.75,520.0,,30.88,2021,4
350,2021-04-30,Cycling,23.88,0,45,0,0.75,520.0,,31.84,2021,4
351,2021-05-02,Cycling,22.68,0,57,17,0.9547222222222221,662.0,360.0,23.755600814663953,2021,5
352,2021-05-04,Cycling,24.13,0,45,0,0.75,520.0,,32.17333333333333,2021,5
353,2021-05-05,Walking,3.35,0,43,3,0.7175,160.0,57.0,4.668989547038327,2021,5
354,2021-05-07,Walking,3.47,0,42,43,0.7119444444444444,159.0,55.0,4.873975809598128,2021,5
355,2021-05-08,Running,8.8,0,46,17,0.7713888888888889,501.0,97.0,11.407994238386749,2021,5
356,2021-05-11,Walking,3.01,0,45,2,0.7505555555555555,152.0,58.0,4.010362694300518,2021,5
357,2021-05-12,Walking,1.86,0,20,32,0.3422222222222222,92.0,40.0,5.435064935064935,2021,5
358,2021-05-13,Walking,3.62,0,48,40,0.8111111111111111,173.0,62.0,4.463013698630137,2021,5
359,2021-05-14,Walking,4.67,0,57,47,0.9630555555555556,214.0,71.0,4.849149120276897,2021,5
360,2021-05-15,Walking,4.48,0,50,1,0.8336111111111112,207.0,67.0,5.374208597134289,2021,5
361,2021-05-16,Walking,4.53,0,51,50,0.8638888888888888,221.0,74.0,5.243729903536979,2021,5
362,2021-05-17,Walking,4.59,0,57,2,0.9505555555555555,209.0,64.0,4.82875511396844,2021,5
363,2021-05-18,Walking,3.48,0,42,43,0.7119444444444444,161.0,52.0,4.8880218493952405,2021,5
364,2021-05-19,Walking,4.12,0,47,33,0.7925,196.0,66.0,5.198738170347004,2021,5
365,2021-05-21,Walking,3.59,0,42,45,0.7124999999999999,168.0,55.0,5.038596491228071,2021,5
366,2021-05-22,Running,4.58,0,24,30,0.4083333333333334,242.0,57.0,11.216326530612244,2021,5
367,2021-05-24,Walking,4.54,0,58,18,0.9716666666666667,221.0,76.0,4.672384219554031,2021,5
368,2021-05-25,Walking,3.48,0,41,21,0.6891666666666667,161.0,51.0,5.049576783555018,2021,5
369,2021-05-29,Cycling,22.24,0,59,56,0.9988888888888888,432.0,367.0,22.264738598442715,2021,5
370,2021-05-30,Walking,4.12,0,50,15,0.8375,192.0,63.0,4.919402985074627,2021,5
371,2021-05-31,Running,6.37,0,35,36,0.5933333333333334,396.0,83.0,10.735955056179774,2021,5
372,2021-06-02,Cycling,24.94,1,8,35,1.1430555555555555,479.0,430.0,21.818712029161606,2021,6
373,2021-06-03,Walking,3.57,0,40,52,0.6811111111111111,165.0,56.0,5.241435562805872,2021,6
374,2021-06-04,Walking,4.41,0,50,41,0.8447222222222223,203.0,65.0,5.220651101611312,2021,6
375,2021-06-06,Walking,3.41,0,47,20,0.7888888888888889,166.0,59.0,4.322535211267606,2021,6
376,2021-06-07,Walking,3.44,0,41,50,0.6972222222222222,158.0,54.0,4.933864541832669,2021,6
377,2021-06-08,Cycling,24.51,1,5,24,1.0899999999999999,451.0,420.0,22.486238532110097,2021,6
378,2021-06-09,Walking,2.61,0,30,29,0.5080555555555556,125.0,48.0,5.137233460907599,2021,6
379,2021-06-10,Cycling,25.28,1,6,42,1.1116666666666668,461.0,449.0,22.74062968515742,2021,6
380,2021-06-12,Walking,3.46,0,43,0,0.7166666666666667,161.0,61.0,4.827906976744186,2021,6
381,2021-06-13,Walking,3.47,0,42,38,0.7105555555555555,162.0,55.0,4.883502736512901,2021,6
382,2021-06-14,Walking,4.39,0,51,11,0.8530555555555556,199.0,63.0,5.1462064474112665,2021,6
383,2021-06-15,Walking,3.54,0,41,29,0.6913888888888889,162.0,54.0,5.120128565689031,2021,6
384,2021-06-18,Walking,2.91,0,37,43,0.6286111111111111,136.0,48.0,4.629253203711887,2021,6
385,2021-06-19,Walking,4.42,0,56,26,0.9405555555555556,204.0,62.0,4.699350265800354,2021,6
386,2021-06-20,Running,5.03,0,25,54,0.4316666666666667,311.0,53.0,11.652509652509652,2021,6
387,2021-06-21,Walking,3.76,0,41,16,0.6877777777777778,113.0,,5.4668820678513725,2021,6
388,2021-06-22,Running,6.35,0,36,0,0.6,405.0,,10.583333333333334,2021,6
389,2021-06-24,Walking,4.65,0,56,7,0.9352777777777778,213.0,71.0,4.971784971784972,2021,6
390,2021-06-25,Running,6.55,0,39,10,0.6527777777777778,431.0,97.0,10.034042553191489,2021,6
391,2021-06-27,Walking,3.89,0,50,18,0.8383333333333334,186.0,84.0,4.640159045725646,2021,6
392,2021-06-28,Running,7.99,0,44,41,0.7447222222222222,522.0,151.0,10.728832525177173,2021,6
393,2021-06-30,Walking,4.63,0,57,30,0.9583333333333333,214.0,65.0,4.831304347826087,2021,6
394,2021-07-01,Running,7.75,0,43,9,0.7191666666666666,488.0,83.0,10.776361529548089,2021,7
395,2021-07-04,Running,10.26,1,1,15,1.0208333333333333,688.0,179.0,10.050612244897959,2021,7
396,2021-07-05,Walking,3.39,0,43,0,0.7166666666666667,156.0,52.0,4.730232558139535,2021,7
397,2021-07-07,Running,7.63,0,44,47,0.7463888888888889,516.0,139.0,10.222553033122441,2021,7
398,2021-07-11,Walking,3.33,0,41,52,0.6977777777777778,156.0,54.0,4.772292993630573,2021,7
399,2021-07-12,Running,10.44,0,58,47,0.9797222222222223,709.0,218.0,10.656081655798127,2021,7
400,2021-07-14,Walking,4.16,0,47,4,0.7844444444444444,188.0,60.0,5.303116147308782,2021,7
401,2021-07-15,Running,6.14,0,34,34,0.5761111111111111,397.0,56.0,10.657666345226614,2021,7
402,2021-07-18,Running,8.21,0,47,34,0.7927777777777778,508.0,102.0,10.355991590749825,2021,7
403,2021-07-20,Walking,3.27,0,42,20,0.7055555555555555,154.0,52.0,4.634645669291339,2021,7
404,2021-07-21,Running,10.52,1,1,38,1.0272222222222223,684.0,213.0,10.241211465657111,2021,7
405,2021-07-23,Walking,4.58,0,55,56,0.9322222222222222,210.0,65.0,4.912991656734207,2021,7
406,2021-07-24,Running,10.01,0,56,1,0.9336111111111112,606.0,106.0,10.721808985421005,2021,7
407,2021-07-26,Walking,4.53,0,53,47,0.8963888888888889,209.0,65.0,5.053610164239232,2021,7
408,2021-07-30,Walking,3.02,0,40,2,0.6672222222222222,,,4.526228143213989,2021,7
409,2021-08-02,Cycling,22.68,1,4,31,1.0752777777777778,435.0,368.0,21.092224231464737,2021,8
410,2021-08-03,Walking,4.6,0,53,5,0.8847222222222222,138.0,,5.199372056514913,2021,8
411,2021-08-04,Walking,4.46,0,54,13,0.9036111111111111,203.0,63.0,4.935751613894866,2021,8
412,2021-08-05,Cycling,22.33,0,59,31,0.9919444444444444,430.0,368.0,22.511341360963314,2021,8
413,2021-08-07,Walking,3.72,0,43,53,0.7313888888888889,111.0,,5.086213444739841,2021,8
414,2021-08-08,Walking,4.23,0,44,29,0.7413888888888889,126.0,,5.705507680779319,2021,8
415,2021-08-10,Running,8.3,0,48,43,0.8119444444444445,489.0,,10.222374273007185,2021,8
416,2021-08-11,Walking,4.39,0,49,48,0.83,202.0,63.0,5.289156626506024,2021,8
417,2021-08-12,Cycling,25.0,1,1,28,1.0244444444444445,496.0,315.0,24.40347071583514,2021,8
418,2021-08-13,Cycling,23.3,0,45,0,0.75,520.0,,31.066666666666666,2021,8
419,2021-08-15,Walking,4.31,0,52,28,0.8744444444444445,198.0,61.0,4.928843710292249,2021,8
420,2021-08-16,Cycling,23.11,0,45,0,0.75,520.0,,30.813333333333333,2021,8
421,2021-08-19,Walking,4.54,0,57,2,0.9505555555555555,205.0,64.0,4.776154295733489,2021,8
422,2021-08-21,Running,10.34,1,1,1,1.0169444444444444,644.0,127.0,10.16771373941546,2021,8
423,2021-08-23,Walking,4.78,0,58,35,0.9763888888888889,143.0,,4.895590327169275,2021,8
424,2021-08-25,Running,10.27,0,55,59,0.9330555555555555,619.0,127.0,11.006847275974993,2021,8
425,2021-08-28,Running,10.57,1,0,35,1.0097222222222222,651.0,179.0,10.468225584594224,2021,8
426,2021-08-29,Walking,3.03,0,35,35,0.5930555555555556,91.0,,5.109133489461358,2021,8
427,2021-08-30,Walking,4.83,0,53,28,0.8911111111111111,145.0,,5.420199501246883,2021,8
428,2021-08-31,Running,10.55,1,0,7,1.0019444444444445,592.0,207.0,10.529525921818685,2021,8
429,2021-09-01,Walking,4.72,0,57,21,0.9558333333333333,141.0,,4.938099389712293,2021,9
430,2021-09-02,Walking,3.17,0,37,51,0.6308333333333334,95.0,,5.025099075297225,2021,9
431,2021-09-03,Running,11.61,1,8,51,1.1475,696.0,214.0,10.117647058823529,2021,9
432,2021-09-05,Walking,1.69,0,20,13,0.33694444444444444,50.0,,,2021,9
433,2021-09-06,Running,10.01,0,59,55,0.998611111111111,628.0,132.0,10.02392211404729,2021,9
434,2021-09-07,Walking,4.74,0,52,11,0.8697222222222223,142.0,,5.450015969338869,2021,9
435,2021-09-08,Walking,3.17,0,36,43,0.6119444444444444,89.0,,5.1802088061734,2021,9
436,2021-09-10,Walking,4.39,0,50,15,0.8375,123.0,,5.241791044776119,2021,9
437,2021-09-11,Walking,3.64,0,45,49,0.7636111111111111,104.0,,4.766824299745362,2021,9
438,2021-09-14,Running,6.66,0,47,43,0.7952777777777778,414.0,,8.374432413552219,2021,9
439,2021-09-15,Walking,3.91,0,45,30,0.7583333333333333,111.0,,5.156043956043956,2021,9
440,2021-09-17,Walking,3.76,0,46,27,0.7741666666666667,107.0,,4.856835306781485,2021,9
441,2021-09-22,Walking,1.36,0,17,59,0.2997222222222222,38.0,,4.537534754402224,2021,9
442,2021-09-23,Cycling,17.96,0,35,0,0.5833333333333334,386.0,,30.788571428571426,2021,9
443,2021-09-26,Cycling,22.78,0,59,31,0.9919444444444444,442.0,372.0,22.96499579949594,2021,9
444,2021-09-30,Running,7.75,0,43,47,0.7297222222222223,516.0,104.0,10.620479634564141,2021,9
445,2021-10-02,Walking,6.96,2,2,30,2.0416666666666665,390.0,251.0,3.4089795918367347,2021,10
446,2021-10-04,Cycling,23.93,0,45,0,0.75,492.0,,31.906666666666666,2021,10
447,2021-10-05,Walking,4.61,0,54,4,0.9011111111111111,131.0,,5.115906288532676,2021,10
448,2021-10-06,Walking,4.64,0,54,41,0.9113888888888889,131.0,,5.091130752819262,2021,10
449,2021-10-08,Cycling,22.75,0,57,32,0.9588888888888888,442.0,371.0,23.72537659327926,2021,10
450,2021-10-09,Cycling,23.25,0,45,0,0.75,492.0,,31.0,2021,10
451,2021-10-10,Walking,4.59,0,50,15,0.8375,130.0,,5.480597014925372,2021,10
452,2021-10-11,Running,10.19,1,0,26,1.0072222222222222,691.0,212.0,10.116933259790402,2021,10
453,2021-10-13,Walking,3.68,0,47,36,0.7933333333333333,104.0,,4.638655462184874,2021,10
454,2021-10-14,Cycling,25.74,1,1,51,1.0308333333333333,523.0,338.0,24.970088924818107,2021,10
455,2021-10-15,Walking,4.69,0,55,7,0.918611111111111,133.0,,5.105533716359239,2021,10
456,2021-10-16,Cycling,24.48,1,4,0,1.0666666666666667,484.0,429.0,22.95,2021,10
457,2021-10-18,Running,10.15,0,57,1,0.9502777777777778,670.0,206.0,10.681087401344637,2021,10
458,2021-10-19,Walking,3.66,0,39,53,0.6647222222222222,104.0,,5.506059339740911,2021,10
459,2021-10-20,Running,8.64,0,44,50,0.7472222222222221,566.0,107.0,11.562825278810411,2021,10
460,2021-10-21,Walking,4.86,0,51,46,0.8627777777777778,138.0,,5.632968448164843,2021,10
461,2021-10-22,Walking,4.88,0,52,56,0.8822222222222222,138.0,,5.531486146095718,2021,10
462,2021-10-23,Running,14.09,1,23,28,1.3911111111111112,976.0,342.0,10.128594249201278,2021,10
463,2021-10-25,Walking,4.46,0,52,56,0.8822222222222222,126.0,,5.055415617128463,2021,10
464,2021-10-26,Running,7.28,0,37,16,0.6211111111111112,490.0,144.0,11.720930232558139,2021,10
465,2021-10-27,Walking,4.64,0,52,20,0.8722222222222222,132.0,,5.319745222929936,2021,10
466,2021-10-28,Cycling,22.23,0,45,55,0.7652777777777777,514.0,,29.04827586206897,2021,10
467,2021-10-29,Cycling,2.28,0,45,8,0.7522222222222222,505.0,,3.0310192023633675,2021,10
468,2021-11-05,Running,10.22,0,57,18,0.955,693.0,210.0,10.701570680628274,2021,11
469,2021-11-06,Walking,5.15,0,54,1,0.9002777777777778,146.0,,5.720456649182351,2021,11
470,2021-11-07,Walking,7.34,1,21,37,1.360277777777778,207.0,,5.395956708188686,2021,11
471,2021-11-12,Running,10.26,0,59,7,0.9852777777777777,693.0,209.0,10.413307020016916,2021,11
472,2021-11-14,Cycling,22.01,0,59,1,0.9836111111111111,424.0,363.0,22.37672973736233,2021,11
473,2021-11-20,Running,10.15,0,56,25,0.9402777777777778,678.0,207.0,10.794682422451995,2021,11
474,2021-11-21,Walking,4.77,0,54,5,0.9013888888888889,135.0,,5.291833590138674,2021,11
475,2021-12-18,Running,8.07,0,45,51,0.7641666666666667,533.0,205.0,10.56052344601963,2021,12
476,2021-12-23,Cycling,21.64,0,45,0,0.75,492.0,,28.853333333333335,2021,12
477,2021-12-25,Cycling,25.25,0,50,50,0.8472222222222222,556.0,,29.80327868852459,2021,12
478,2021-12-27,Walking,4.82,1,10,42,1.1783333333333335,142.0,,4.09052333804809,2021,12
479,2021-12-28,Cycling,15.13,0,30,0,0.5,340.0,,30.26,2021,12
480,2021-12-30,Running,10.15,0,58,2,0.9672222222222222,547.0,,10.493968983342906,2021,12
